_id,id,d_name,pop_total,pop_male,pop_female,area_km2,pop_density,house_amt,adddate,updatedate
1,233,กรุงเทพมหานคร,"5,467,302","2,582,924","2,884,378","1,439.82","3,797","2,846,273",2020-11-18 0:00:00,2020-11-18 0:00:00
2,232,แขวงห้วยขวาง,"25,879","11,639","14,240",5.342,"4,844","30,337",2020-11-18 0:00:00,2020-11-18 0:00:00
3,231,แขวงสามเสนนอก,"38,204","17,153","21,051",4.283,"8,920","23,822",2020-11-18 0:00:00,2020-11-18 0:00:00
4,230,แขวงบางกะปิ,"17,606","8,229","9,377",5.408,"3,256","25,609",2020-11-18 0:00:00,2020-11-18 0:00:00
5,229,เขตห้วยขวาง,"81,689","37,021","44,668",15.033,"5,434","79,768",2020-11-18 0:00:00,2020-11-18 0:00:00
6,228,แขวงทุ่งสองห้อง,"76,457","36,740","39,717",16.886,"4,528","39,222",2020-11-18 0:00:00,2020-11-18 0:00:00
7,227,แขวงตลาดบางเขน,"28,120","13,051","15,069",5.955,"4,722","16,580",2020-11-18 0:00:00,2020-11-18 0:00:00
8,226,เขตหลักสี่,"104,577","49,791","54,786",22.841,"4,578","55,802",2020-11-18 0:00:00,2020-11-18 0:00:00
9,225,แขวงหนองจอก,"21,773","10,519","11,254",29.992,726,"7,653",2020-11-18 0:00:00,2020-11-18 0:00:00
10,224,แขวงลำผักชี,"30,740","14,765","15,975",33.358,922,"12,767",2020-11-18 0:00:00,2020-11-18 0:00:00
11,223,แขวงลำต้อยติ่ง,"9,554","4,712","4,842",24.789,385,"2,862",2020-11-18 0:00:00,2020-11-18 0:00:00
12,222,แขวงโคกแฝด,"33,790","16,595","17,195",22.524,"1,500","11,635",2020-11-18 0:00:00,2020-11-18 0:00:00
13,221,แขวงคู้ฝั่งเหนือ,"17,763","8,630","9,133",17.75,"1,001","6,056",2020-11-18 0:00:00,2020-11-18 0:00:00
14,220,แขวงคลองสิบสอง,"11,365","5,622","5,743",38.867,292,"4,158",2020-11-18 0:00:00,2020-11-18 0:00:00
15,219,แขวงคลองสิบ,"9,022","4,501","4,521",30.849,292,"2,280",2020-11-18 0:00:00,2020-11-18 0:00:00
16,218,แขวงกระทุ่มราย,"38,983","18,981","20,002",38.132,"1,022","15,799",2020-11-18 0:00:00,2020-11-18 0:00:00
17,217,เขตหนองจอก,"172,990","84,325","88,665",236.261,732,"63,210",2020-11-18 0:00:00,2020-11-18 0:00:00
18,216,แขวงหนองค้างพลู,"76,208","35,993","40,215",17.036,"4,473","30,848",2020-11-18 0:00:00,2020-11-18 0:00:00
19,215,แขวงหนองแขม,"80,059","36,967","43,092",18.789,"4,261","29,832",2020-11-18 0:00:00,2020-11-18 0:00:00
20,214,เขตหนองแขม,"156,267","72,960","83,307",35.825,"4,362","60,680",2020-11-18 0:00:00,2020-11-18 0:00:00
21,213,แขวงออเงิน,"38,556","18,245","20,311",13.516,"2,853","22,867",2020-11-18 0:00:00,2020-11-18 0:00:00
22,212,แขวงสายไหม,"80,731","37,446","43,285",18.659,"4,327","34,505",2020-11-18 0:00:00,2020-11-18 0:00:00
23,211,แขวงคลองถนน,"85,245","40,415","44,830",12.44,"6,852","42,824",2020-11-18 0:00:00,2020-11-18 0:00:00
24,210,เขตสายไหม,"204,532","96,106","108,426",44.615,"4,584","100,196",2020-11-18 0:00:00,2020-11-18 0:00:00
25,209,แขวงยานนาวา,"20,463","9,683","10,780",2.09,"9,791","10,489",2020-11-18 0:00:00,2020-11-18 0:00:00
26,208,แขวงทุ่งวัดดอน,"38,841","18,117","20,724",3.195,"12,157","17,785",2020-11-18 0:00:00,2020-11-18 0:00:00
27,207,แขวงทุ่งมหาเมฆ,"19,556","9,628","9,928",4.041,"4,839","13,981",2020-11-18 0:00:00,2020-11-18 0:00:00
28,206,เขตสาทร,"78,860","37,428","41,432",9.326,"8,456","42,255",2020-11-18 0:00:00,2020-11-18 0:00:00
29,205,แขวงตลาดน้อย,"7,593","3,625","3,968",0.449,"16,911","3,753",2020-11-18 0:00:00,2020-11-18 0:00:00
30,204,แขวงสัมพันธวงศ์,"8,740","4,239","4,501",0.483,"18,095","4,415",2020-11-18 0:00:00,2020-11-18 0:00:00
31,203,แขวงจักรวรรดิ,"7,322","3,603","3,719",0.484,"15,128","5,038",2020-11-18 0:00:00,2020-11-18 0:00:00
32,202,เขตสัมพันธวงศ์,"23,655","11,467","12,188",1.416,"16,706","13,206",2020-11-18 0:00:00,2020-11-18 0:00:00
33,201,แขวงทับช้าง,"24,289","11,226","13,063",,,"10,254",2020-11-18 0:00:00,2020-11-18 0:00:00
34,200,แขวงราษฎร์พัฒนา,"42,538","19,528","23,010",,,"17,202",2020-11-18 0:00:00,2020-11-18 0:00:00
35,199,แขวงสะพานสูง,"29,009","13,217","15,792",,#DIV/0!,"10,985",2020-11-18 0:00:00,2020-11-18 0:00:00
36,198,เขตสะพานสูง,"29,009","13,217","15,792",0,#DIV/0!,"10,985",2020-11-18 0:00:00,2020-11-18 0:00:00
37,197,แขวงพัฒนาการ,"31,114","14,351","16,763",,,"18,535",2020-11-18 0:00:00,2020-11-18 0:00:00
38,196,แขวงอ่อนนุช,"45,287","20,691","24,596",,,"27,260",2020-11-18 0:00:00,2020-11-18 0:00:00
39,195,แขวงสวนหลวง,"46,625","21,328","25,297",,#DIV/0!,"30,889",2020-11-18 0:00:00,2020-11-18 0:00:00
40,194,เขตสวนหลวง,"46,625","21,328","25,297",0,#DIV/0!,"30,889",2020-11-18 0:00:00,2020-11-18 0:00:00
41,193,แขวงพระโขนงเหนือ,"22,404","10,028","12,376",3.425,"6,541","19,920",2020-11-18 0:00:00,2020-11-18 0:00:00
42,192,แขวงคลองตันเหนือ,"54,434","26,177","28,257",7.031,"7,742","36,715",2020-11-18 0:00:00,2020-11-18 0:00:00
43,191,แขวงคลองเตยเหนือ,"8,804","4,069","4,735",2.109,"4,174","16,304",2020-11-18 0:00:00,2020-11-18 0:00:00
44,190,เขตวัฒนา,"85,642","40,274","45,368",12.565,"6,816","72,939",2020-11-18 0:00:00,2020-11-18 0:00:00
45,189,แขวงพลับพลา,"44,869","20,520","24,349",7.708,"5,821","27,138",2020-11-18 0:00:00,2020-11-18 0:00:00
46,188,แขวงคลองเจ้าคุณสิงห์,"29,493","13,556","15,937",4.065,"7,255","13,641",2020-11-18 0:00:00,2020-11-18 0:00:00
47,187,แขวงสะพานสอง,"11,999","5,459","6,540",1.934,"6,204","6,597",2020-11-18 0:00:00,2020-11-18 0:00:00
48,186,แขวงวังทองหลาง,"24,932","11,381","13,551",5.558,"4,486","13,303",2020-11-18 0:00:00,2020-11-18 0:00:00
49,185,เขตวังทองหลาง,"111,293","50,916","60,377",19.265,"5,777","60,679",2020-11-18 0:00:00,2020-11-18 0:00:00
50,184,แขวงลาดพร้าว,"92,244","42,044","50,200",15.102,"6,108","44,648",2020-11-18 0:00:00,2020-11-18 0:00:00
51,183,แขวงจรเข้บัว,"27,465","12,328","15,137",7.055,"3,893","11,822",2020-11-18 0:00:00,2020-11-18 0:00:00
52,182,เขตลาดพร้าว,"119,709","54,372","65,337",22.157,"5,403","56,470",2020-11-18 0:00:00,2020-11-18 0:00:00
53,181,แขวงขุมทอง,"8,143","4,023","4,120",21.695,375,"2,759",2020-11-18 0:00:00,2020-11-18 0:00:00
54,180,แขวงทับยาว,"29,791","14,246","15,545",25.834,"1,153","16,718",2020-11-18 0:00:00,2020-11-18 0:00:00
55,179,แขวงลำปลาทิว,"24,332","11,746","12,586",33.752,721,"12,642",2020-11-18 0:00:00,2020-11-18 0:00:00
56,178,แขวงคลองสามประเวศ,"15,785","7,445","8,340",17.458,904,"11,206",2020-11-18 0:00:00,2020-11-18 0:00:00
57,177,แขวงคลองสองต้นนุ่น,"67,655","32,161","35,494",14.297,"4,732","32,265",2020-11-18 0:00:00,2020-11-18 0:00:00
58,176,แขวงลาดกระบัง,"29,956","14,093","15,863",10.823,"2,768","17,999",2020-11-18 0:00:00,2020-11-18 0:00:00
59,175,เขตลาดกระบัง,"175,662","83,714","91,948",123.859,"1,418","93,589",2020-11-18 0:00:00,2020-11-18 0:00:00
60,174,แขวงราษฎร์บูรณะ,"32,590","15,401","17,189",6.716,"4,853","13,832",2020-11-18 0:00:00,2020-11-18 0:00:00
61,173,แขวงบางปะกอก,"49,216","23,737","25,479",9.066,"5,429","23,204",2020-11-18 0:00:00,2020-11-18 0:00:00
62,172,เขตราษฎร์บูรณะ,"81,806","39,138","42,668",15.782,"5,184","37,036",2020-11-18 0:00:00,2020-11-18 0:00:00
63,171,แขวงมักกะสัน,"15,600","7,617","7,983",2.283,"6,833","16,151",2020-11-18 0:00:00,2020-11-18 0:00:00
64,170,แขวงถนนเพชรบุรี,"14,551","6,782","7,769",1.148,"12,675","11,593",2020-11-18 0:00:00,2020-11-18 0:00:00
65,169,แขวงถนนพญาไท,"9,057","4,067","4,990",1.136,"3,539","10,874",2020-11-18 0:00:00,2020-11-18 0:00:00
66,168,แขวงทุ่งพญาไท,"32,744","16,030","16,714",2.559,"28,824","10,396",2020-11-18 0:00:00,2020-11-18 0:00:00
67,167,เขตราชเทวี,"71,952","34,496","37,456",7.126,"10,097","49,014",2020-11-18 0:00:00,2020-11-18 0:00:00
68,166,แขวงบางโพงพาง,"29,754","14,221","15,533",6.678,"4,456","18,981",2020-11-18 0:00:00,2020-11-18 0:00:00
69,165,แขวงช่องนนทรี,"48,277","22,432","25,845",9.984,"4,835","32,674",2020-11-18 0:00:00,2020-11-18 0:00:00
70,164,เขตยานนาวา,"78,031","36,653","41,378",16.662,"4,683","51,655",2020-11-18 0:00:00,2020-11-18 0:00:00
71,163,แขวงแสนแสบ,"45,097","21,764","23,333",35.186,"1,282","13,855",2020-11-18 0:00:00,2020-11-18 0:00:00
72,162,แขวงมีนบุรี,"97,214","45,433","51,781",28.459,"3,416","45,967",2020-11-18 0:00:00,2020-11-18 0:00:00
73,161,เขตมีนบุรี,"142,311","67,197","75,114",63.645,"2,236","59,822",2020-11-18 0:00:00,2020-11-18 0:00:00
74,160,แขวงคูหาสวรรค์,"6,260","2,943","3,317",0.909,"6,887","1,909",2020-11-18 0:00:00,2020-11-18 0:00:00
75,159,แขวงปากคลองภาษีเจริญ,"14,778","6,934","7,844",1.898,"7,786","9,082",2020-11-18 0:00:00,2020-11-18 0:00:00
76,158,แขวงคลองขวาง,"11,093","5,259","5,834",2.992,"3,708","3,628",2020-11-18 0:00:00,2020-11-18 0:00:00
77,157,แขวงบางแวก,"18,818","8,697","10,121",3.022,"6,227","9,276",2020-11-18 0:00:00,2020-11-18 0:00:00
78,156,แขวงบางจาก,"8,219","3,784","4,435",1.394,"5,896","3,645",2020-11-18 0:00:00,2020-11-18 0:00:00
79,155,แขวงบางด้วน,"28,908","13,690","15,218",2.514,"11,499","10,597",2020-11-18 0:00:00,2020-11-18 0:00:00
80,154,แขวงบางหว้า,"37,905","17,821","20,084",5.105,"7,425","20,754",2020-11-18 0:00:00,2020-11-18 0:00:00
81,153,เขตภาษีเจริญ,"125,981","59,128","66,853",17.834,"7,064","58,891",2020-11-18 0:00:00,2020-11-18 0:00:00
82,152,แขวงเสาชิงช้า,"2,243","1,043","1,200",0.153,"14,660",703,2020-11-18 0:00:00,2020-11-18 0:00:00
83,151,แขวงสำราญราษฎร์,"3,221","1,653","1,568",0.23,"14,004","1,139",2020-11-18 0:00:00,2020-11-18 0:00:00
84,150,แขวงศาลเจ้าพ่อเสือ,"3,260","1,366","1,894",0.144,"22,639",999,2020-11-18 0:00:00,2020-11-18 0:00:00
85,149,แขวงวัดสามพระยา,"2,879","1,341","1,538",0.522,"5,515",970,2020-11-18 0:00:00,2020-11-18 0:00:00
86,148,แขวงวัดราชบพิธ,"3,278","1,478","1,800",0.22,"14,900",984,2020-11-18 0:00:00,2020-11-18 0:00:00
87,147,แขวงวังบูรพาภิรมย์,"11,317","5,874","5,443",0.72,"15,718","5,361",2020-11-18 0:00:00,2020-11-18 0:00:00
88,146,แขวงพระบรมมหาราชวัง,"3,963","2,416","1,547",1.647,"2,406","1,202",2020-11-18 0:00:00,2020-11-18 0:00:00
89,145,แขวงบ้านพานถม,"6,687","2,913","3,774",0.414,"16,152","2,035",2020-11-18 0:00:00,2020-11-18 0:00:00
90,144,แขวงบางขุนพรหม,"4,520","2,269","2,251",0.458,"9,869","2,109",2020-11-18 0:00:00,2020-11-18 0:00:00
91,143,แขวงบวรนิเวศ,"4,699","2,070","2,629",0.496,"9,474","1,580",2020-11-18 0:00:00,2020-11-18 0:00:00
92,142,แขวงตลาดยอด,"2,409","1,083","1,326",0.193,"12,482","1,191",2020-11-18 0:00:00,2020-11-18 0:00:00
93,141,แขวงชนะสงคราม,"1,906",912,994,0.339,"5,622",828,2020-11-18 0:00:00,2020-11-18 0:00:00
94,140,เขตพระนคร,"50,382","24,418","25,964",5.536,"9,101","19,101",2020-11-18 0:00:00,2020-11-18 0:00:00
95,139,แขวงพระโขนงใต้,"21,136","9,802","11,334",,,"15,897",2020-11-18 0:00:00,2020-11-18 0:00:00
96,138,แขวงบางจาก,"68,101","30,753","37,348",,#DIV/0!,"38,512",2020-11-18 0:00:00,2020-11-18 0:00:00
97,137,เขตพระโขนง,"68,101","30,753","37,348",0,#DIV/0!,"38,512",2020-11-18 0:00:00,2020-11-18 0:00:00
98,136,แขวงพญาไท,"36,237","16,635","19,602",,,"22,406",2020-11-18 0:00:00,2020-11-18 0:00:00
99,135,แขวงสามเสนใน,"34,104","18,658","15,446",,#DIV/0!,"20,256",2020-11-18 0:00:00,2020-11-18 0:00:00
100,134,เขตพญาไท,"70,341","35,293","35,048",0,#DIV/0!,"42,662",2020-11-18 0:00:00,2020-11-18 0:00:00
101,133,แขวงวัดโสมนัส,"6,927","3,358","3,569",0.35,"19,791","2,207",2020-11-18 0:00:00,2020-11-18 0:00:00
102,132,แขวงวัดเทพศิรินทร์,"6,909","3,432","3,477",0.347,"19,911","2,749",2020-11-18 0:00:00,2020-11-18 0:00:00
103,131,แขวงป้อมปราบ,"15,442","7,462","7,980",0.535,"28,864","6,443",2020-11-18 0:00:00,2020-11-18 0:00:00
104,130,แขวงบ้านบาตร,"6,932","3,480","3,452",0.251,"27,618","2,601",2020-11-18 0:00:00,2020-11-18 0:00:00
105,129,แขวงคลองมหานาค,"9,491","4,480","5,011",0.448,"21,185","5,655",2020-11-18 0:00:00,2020-11-18 0:00:00
106,128,เขตป้อมปราบศัตรูพ่าย,"45,701","22,212","23,489",1.931,"23,667","19,655",2020-11-18 0:00:00,2020-11-18 0:00:00
107,127,แขวงหนองบอน,"42,080","19,552","22,528",14.513,"2,899","23,496",2020-11-18 0:00:00,2020-11-18 0:00:00
108,126,แขวงประเวศ,"86,495","40,809","45,686",22.805,"3,793","35,484",2020-11-18 0:00:00,2020-11-18 0:00:00
109,125,แขวงดอกไม้,"49,715","23,479","26,236",15.172,"3,277","28,608",2020-11-18 0:00:00,2020-11-18 0:00:00
110,124,เขตประเวศ,"178,290","83,840","94,450",52.49,"3,397","87,588",2020-11-18 0:00:00,2020-11-18 0:00:00
111,123,แขวงวังใหม่,"7,092","3,534","3,558",1.403,"5,055","5,795",2020-11-18 0:00:00,2020-11-18 0:00:00
112,122,แขวงลุมพินี,"18,051","8,463","9,588",3.485,"5,180","16,759",2020-11-18 0:00:00,2020-11-18 0:00:00
113,121,แขวงรองเมือง,"17,181","8,193","8,988",1.3,"13,216","7,163",2020-11-18 0:00:00,2020-11-18 0:00:00
114,120,แขวงปทุมวัน,"6,058","1,938","4,120",2.181,"2,778","1,076",2020-11-18 0:00:00,2020-11-18 0:00:00
115,119,เขตปทุมวัน,"48,382","22,128","26,254",8.369,"5,781","30,793",2020-11-18 0:00:00,2020-11-18 0:00:00
116,118,แขวงนวลจันทร์,"45,949","20,849","25,100",8.615,"5,334","27,071",2020-11-18 0:00:00,2020-11-18 0:00:00
117,117,แขวงนวมินทร์,"27,556","12,480","15,076",4.885,"5,641","12,731",2020-11-18 0:00:00,2020-11-18 0:00:00
118,116,แขวงคลองกุ่ม,"69,485","31,956","37,529",10.811,"6,427","34,724",2020-11-18 0:00:00,2020-11-18 0:00:00
119,115,เขตบึงกุ่ม,"142,990","65,285","77,705",24.311,"5,882","74,526",2020-11-18 0:00:00,2020-11-18 0:00:00
120,114,แขวงสุริยวงศ์,"5,258","2,526","2,732",0.82,"6,412","4,915",2020-11-18 0:00:00,2020-11-18 0:00:00
121,113,แขวงสีลม,"18,231","8,861","9,370",2.074,"8,790","12,229",2020-11-18 0:00:00,2020-11-18 0:00:00
122,112,แขวงสี่พระยา,"10,669","4,890","5,779",1.064,"10,027","7,013",2020-11-18 0:00:00,2020-11-18 0:00:00
123,111,แขวงมหาพฤฒาราม,"11,243","5,204","6,039",0.889,"12,647","6,442",2020-11-18 0:00:00,2020-11-18 0:00:00
124,110,แขวงบางรัก,"2,806","1,383","1,423",0.689,"4,073","1,446",2020-11-18 0:00:00,2020-11-18 0:00:00
125,109,เขตบางรัก,"48,207","22,864","25,343",5.536,"8,708","32,045",2020-11-18 0:00:00,2020-11-18 0:00:00
126,108,แขวงบางอ้อ,"24,708","11,345","13,363",2.846,"8,682","13,718",2020-11-18 0:00:00,2020-11-18 0:00:00
127,107,แขวงบางยี่ขัน,"24,745","11,582","13,163",2.886,"8,574","17,422",2020-11-18 0:00:00,2020-11-18 0:00:00
128,106,แขวงบางพลัด,"23,311","10,862","12,449",3.296,"7,073","9,443",2020-11-18 0:00:00,2020-11-18 0:00:00
129,105,แขวงบางบำหรุ,"18,514","8,195","10,319",2.332,"7,939","13,073",2020-11-18 0:00:00,2020-11-18 0:00:00
130,104,เขตบางพลัด,"91,278","41,984","49,294",11.36,"8,035","53,656",2020-11-18 0:00:00,2020-11-18 0:00:00
131,103,แขวงคลองบางบอน,"25,724","12,386","13,338",,#DIV/0!,"13,723",2020-11-18 0:00:00,2020-11-18 0:00:00
132,102,แขวงคลองบางพราน,"33,492","15,961","17,531",,#DIV/0!,"17,326",2020-11-18 0:00:00,2020-11-18 0:00:00
133,101,แขวงบางบอนใต้,"25,231","12,021","13,210",,#DIV/0!,"9,247",2020-11-18 0:00:00,2020-11-18 0:00:00
134,100,แขวงบางบอนเหนือ,"22,472","10,734","11,738",,#DIV/0!,"9,940",2020-11-18 0:00:00,2020-11-18 0:00:00
135,99,*แขวงบางบอน,0,0,0,0,#DIV/0!,3,2020-11-18 0:00:00,2020-11-18 0:00:00
136,98,เขตบางบอน,"106,919","51,102","55,817",0,#DIV/0!,"50,239",2020-11-18 0:00:00,2020-11-18 0:00:00
137,97,แขวงบางนาใต้,"47,911","22,777","25,134",,#DIV/0!,"35,839",2020-11-18 0:00:00,2020-11-18 0:00:00
138,96,แขวงบางนาเหนือ,"42,233","19,382","22,851",,#DIV/0!,"31,770",2020-11-18 0:00:00,2020-11-18 0:00:00
139,95,*แขวงบางนา,4,1,3,,#DIV/0!,0,2020-11-18 0:00:00,2020-11-18 0:00:00
140,94,เขตบางนา,"90,148","42,160","47,988",0,#DIV/0!,"67,609",2020-11-18 0:00:00,2020-11-18 0:00:00
141,93,แขวงวงศ์สว่าง,"43,665","19,888","23,777",5.783,"7,551","24,759",2020-11-18 0:00:00,2020-11-18 0:00:00
142,92,แขวงบางซื่อ,"81,634","38,917","42,717",5.762,"14,168","44,835",2020-11-18 0:00:00,2020-11-18 0:00:00
143,91,เขตบางซื่อ,"125,299","58,805","66,494",11.545,"10,853","69,594",2020-11-18 0:00:00,2020-11-18 0:00:00
144,90,แขวงวัดพระยาไกร,"26,280","12,547","13,733",2.3,"11,426","10,323",2020-11-18 0:00:00,2020-11-18 0:00:00
145,89,แขวงบางโคล่,"37,065","17,630","19,435",5.872,"6,312","18,718",2020-11-18 0:00:00,2020-11-18 0:00:00
146,88,แขวงบางคอแหลม,"24,943","11,837","13,106",2.749,"9,073","10,312",2020-11-18 0:00:00,2020-11-18 0:00:00
147,87,เขตบางคอแหลม,"88,288","42,014","46,274",10.921,"8,084","39,353",2020-11-18 0:00:00,2020-11-18 0:00:00
148,86,แขวงแสมดำ,"124,916","58,939","65,977",35.975,"3,472","59,364",2020-11-18 0:00:00,2020-11-18 0:00:00
149,85,แขวงท่าข้าม,"58,962","27,897","31,065",84.712,696,"29,091",2020-11-18 0:00:00,2020-11-18 0:00:00
150,84,เขตบางขุนเทียน,"183,878","86,836","97,042",120.687,"1,524","88,455",2020-11-18 0:00:00,2020-11-18 0:00:00
151,83,แขวงหัวหมาก,"67,793","30,660","37,133",16.461,"4,118","56,514",2020-11-18 0:00:00,2020-11-18 0:00:00
152,82,แขวงคลองจั่น,"79,048","36,220","42,828",12.062,"6,553","47,720",2020-11-18 0:00:00,2020-11-18 0:00:00
153,81,เขตบางกะปิ,"146,841","66,880","79,961",28.523,"5,148","104,234",2020-11-18 0:00:00,2020-11-18 0:00:00
154,80,แขวงอรุณอมรินทร์,"20,166","9,199","10,967",2.758,"7,312","13,562",2020-11-18 0:00:00,2020-11-18 0:00:00
155,79,แขวงศิริราช,"16,817","9,021","7,796",1.258,"13,368","4,335",2020-11-18 0:00:00,2020-11-18 0:00:00
156,78,แขวงบ้านช่างหล่อ,"31,557","15,549","16,008",2.076,"15,201","12,087",2020-11-18 0:00:00,2020-11-18 0:00:00
157,77,แขวงบางขุนศรี,"32,328","14,770","17,558",4.36,"7,415","14,691",2020-11-18 0:00:00,2020-11-18 0:00:00
158,76,แขวงบางขุนนนท์,"9,549","4,400","5,149",1.492,"6,400","4,436",2020-11-18 0:00:00,2020-11-18 0:00:00
159,75,เขตบางกอกน้อย,"110,417","52,939","57,478",11.944,"9,245","49,111",2020-11-18 0:00:00,2020-11-18 0:00:00
160,74,แขวงวัดอรุณ,"14,100","7,268","6,832",0.834,"16,906","4,163",2020-11-18 0:00:00,2020-11-18 0:00:00
161,73,แขวงวัดท่าพระ,"53,111","24,756","28,355",5.346,"9,935","26,703",2020-11-18 0:00:00,2020-11-18 0:00:00
162,72,เขตบางกอกใหญ่,"67,211","32,024","35,187",6.18,"10,876","30,866",2020-11-18 0:00:00,2020-11-18 0:00:00
163,71,แขวงหลักสอง,"53,638","24,890","28,748",11.24,"4,772","24,250",2020-11-18 0:00:00,2020-11-18 0:00:00
164,70,แขวงบางไผ่,"40,277","18,987","21,290",14.67,"2,746","14,212",2020-11-18 0:00:00,2020-11-18 0:00:00
165,69,แขวงบางแคเหนือ,"60,306","27,918","32,388",12.06,"5,000","28,113",2020-11-18 0:00:00,2020-11-18 0:00:00
166,68,แขวงบางแค,"39,094","18,327","20,767",6.486,"6,027","25,190",2020-11-18 0:00:00,2020-11-18 0:00:00
167,67,เขตบางแค,"193,315","90,122","103,193",44.456,"4,348","91,765",2020-11-18 0:00:00,2020-11-18 0:00:00
168,66,แขวงอนุสาวรีย์,"94,550","46,702","47,848",18.406,"5,137","57,418",2020-11-18 0:00:00,2020-11-18 0:00:00
169,65,แขวงท่าแร้ง,"96,773","44,682","52,091",23.717,"4,080","51,694",2020-11-18 0:00:00,2020-11-18 0:00:00
170,64,เขตบางเขน,"191,323","91,384","99,939",42.123,"4,542","109,112",2020-11-18 0:00:00,2020-11-18 0:00:00
171,63,แขวงหิรัญรูจี,"12,252","5,751","6,501",0.691,"17,731","3,966",2020-11-18 0:00:00,2020-11-18 0:00:00
172,62,แขวงสำเหร่,"15,239","7,119","8,120",1.23,"12,389","8,612",2020-11-18 0:00:00,2020-11-18 0:00:00
173,61,แขวงวัดกัลยาณ์,"8,942","4,190","4,752",0.785,"11,391","2,762",2020-11-18 0:00:00,2020-11-18 0:00:00
174,60,แขวงบุคคโล,"17,198","8,040","9,158",1.21,"14,213","12,980",2020-11-18 0:00:00,2020-11-18 0:00:00
175,59,แขวงบางยี่เรือ,"21,201","10,194","11,007",1.523,"13,921","7,968",2020-11-18 0:00:00,2020-11-18 0:00:00
176,58,แขวงตลาดพลู,"15,561","7,300","8,261",1.823,"8,536","8,071",2020-11-18 0:00:00,2020-11-18 0:00:00
177,57,แขวงดาวคะนอง,"17,361","8,115","9,246",1.289,"13,469","11,878",2020-11-18 0:00:00,2020-11-18 0:00:00
178,56,เขตธนบุรี,"107,754","50,709","57,045",8.551,"12,601","56,237",2020-11-18 0:00:00,2020-11-18 0:00:00
179,55,แขวงบางมด,"55,100","25,720","29,380",12.765,"4,316","26,527",2020-11-18 0:00:00,2020-11-18 0:00:00
180,54,แขวงทุ่งครุ,"67,196","31,729","35,467",17.976,"3,738","25,430",2020-11-18 0:00:00,2020-11-18 0:00:00
181,53,เขตทุ่งครุ,"122,296","57,449","64,847",30.741,"3,978","51,957",2020-11-18 0:00:00,2020-11-18 0:00:00
182,52,แขวงศาลาธรรมสพน์,"55,516","25,656","29,860",28.698,"1,934","24,545",2020-11-18 0:00:00,2020-11-18 0:00:00
183,51,แขวงทวีวัฒนา,"22,878","10,764","12,114",21.521,"1,063","8,825",2020-11-18 0:00:00,2020-11-18 0:00:00
184,50,เขตทวีวัฒนา,"78,394","36,420","41,974",50.219,"1,561","33,370",2020-11-18 0:00:00,2020-11-18 0:00:00
185,49,แขวงบางระมาด,"19,570","9,175","10,395",8.539,"2,292","7,818",2020-11-18 0:00:00,2020-11-18 0:00:00
186,48,แขวงบางพรม,"13,758","6,552","7,206",4.253,"3,235","4,761",2020-11-18 0:00:00,2020-11-18 0:00:00
187,47,แขวงบางเชือกหนัง,"11,860","5,549","6,311",2.915,"4,069","4,232",2020-11-18 0:00:00,2020-11-18 0:00:00
188,46,แขวงตลิ่งชัน,"25,007","11,633","13,374",5.183,"4,825","11,329",2020-11-18 0:00:00,2020-11-18 0:00:00
189,45,แขวงฉิมพลี,"24,336","11,291","13,045",7.338,"3,316","9,410",2020-11-18 0:00:00,2020-11-18 0:00:00
190,44,แขวงคลองชักพระ,"10,516","4,975","5,541",1.251,"8,406","4,588",2020-11-18 0:00:00,2020-11-18 0:00:00
191,43,เขตตลิ่งชัน,"105,047","49,175","55,872",29.479,"3,563","42,138",2020-11-18 0:00:00,2020-11-18 0:00:00
192,42,แขวงสี่แยกมหานาค,"7,422","3,651","3,771",0.339,"21,894","2,434",2020-11-18 0:00:00,2020-11-18 0:00:00
193,41,แขวงสวนจิตรลดา,"8,821","4,243","4,578",1.737,"5,078","2,471",2020-11-18 0:00:00,2020-11-18 0:00:00
194,40,แขวงวชิรพยาบาล,"10,808","4,704","6,104",1.074,"10,063","3,062",2020-11-18 0:00:00,2020-11-18 0:00:00
195,39,แขวงถนนนครไชยศรี,"55,220","31,587","23,633",5.282,"10,454","20,794",2020-11-18 0:00:00,2020-11-18 0:00:00
196,38,แขวงดุสิต,"12,583","7,325","5,258",2.233,"5,635","2,533",2020-11-18 0:00:00,2020-11-18 0:00:00
197,37,เขตดุสิต,"94,854","51,510","43,344",10.665,"8,894","31,294",2020-11-18 0:00:00,2020-11-18 0:00:00
198,36,แขวงรัชดาภิเษก,"44,982","20,931","24,051",,,"24,103",2020-11-18 0:00:00,2020-11-18 0:00:00
199,35,แขวงดินแดง,"75,779","35,026","40,753",8.354,"9,071","37,046",2020-11-18 0:00:00,2020-11-18 0:00:00
200,34,เขตดินแดง,"75,779","35,026","40,753",8.354,"9,071","37,046",2020-11-18 0:00:00,2020-11-18 0:00:00
201,33,แขวงสีกัน,"63,093","32,096","30,997",11.534,"5,470","27,550",2020-11-18 0:00:00,2020-11-18 0:00:00
202,32,แขวงสนามบิน,"23,520","13,417","10,103",14.664,"1,604","10,034",2020-11-18 0:00:00,2020-11-18 0:00:00
203,31,แขวงดอนเมือง,"82,646","38,733","43,913",10.605,"7,793","38,370",2020-11-18 0:00:00,2020-11-18 0:00:00
204,30,เขตดอนเมือง,"169,259","84,246","85,013",36.803,"4,599","75,954",2020-11-18 0:00:00,2020-11-18 0:00:00
205,29,แขวงบางมด,"44,825","21,118","23,707",11.918,"3,761","23,072",2020-11-18 0:00:00,2020-11-18 0:00:00
206,28,แขวงบางค้อ,"35,277","16,792","18,485",3.375,"10,452","17,862",2020-11-18 0:00:00,2020-11-18 0:00:00
207,27,แขวงบางขุนเทียน,"36,479","17,400","19,079",5.789,"6,301","14,497",2020-11-18 0:00:00,2020-11-18 0:00:00
208,26,แขวงจอมทอง,"34,593","16,672","17,921",5.183,"6,674","15,675",2020-11-18 0:00:00,2020-11-18 0:00:00
209,25,เขตจอมทอง,"151,174","71,982","79,192",26.265,"5,756","71,106",2020-11-18 0:00:00,2020-11-18 0:00:00
210,24,แขวงเสนานิคม,"19,869","9,400","10,469",2.826,"7,031","15,694",2020-11-18 0:00:00,2020-11-18 0:00:00
211,23,แขวงลาดยาว,"42,560","19,826","22,734",10.69,"3,981","27,325",2020-11-18 0:00:00,2020-11-18 0:00:00
212,22,แขวงจันทรเกษม,"38,754","18,104","20,650",6.026,"6,431","25,856",2020-11-18 0:00:00,2020-11-18 0:00:00
213,21,แขวงจอมพล,"31,344","13,931","17,413",5.488,"5,711","31,203",2020-11-18 0:00:00,2020-11-18 0:00:00
214,20,แขวงจตุจักร,"23,396","11,442","11,954",7.878,"2,970","13,475",2020-11-18 0:00:00,2020-11-18 0:00:00
215,19,เขตจตุจักร,"155,923","72,703","83,220",32.908,"4,738","113,553",2020-11-18 0:00:00,2020-11-18 0:00:00
216,18,แขวงรามอินทรา,"49,487","22,706","26,781",13.063,"3,788","26,181",2020-11-18 0:00:00,2020-11-18 0:00:00
217,17,แขวงคันนายาว,"47,700","22,794","24,906",12.917,"3,693","18,053",2020-11-18 0:00:00,2020-11-18 0:00:00
218,16,เขตคันนายาว,"97,187","45,500","51,687",25.98,"3,741","44,234",2020-11-18 0:00:00,2020-11-18 0:00:00
219,15,แขวงสามวาตะวันออก,"26,064","12,597","13,467",40.574,642,"9,087",2020-11-18 0:00:00,2020-11-18 0:00:00
220,14,แขวงสามวาตะวันตก,"56,670","26,788","29,882",24.249,"2,337","23,595",2020-11-18 0:00:00,2020-11-18 0:00:00
221,13,แขวงบางชัน,"85,843","39,982","45,861",18.644,"4,604","40,135",2020-11-18 0:00:00,2020-11-18 0:00:00
222,12,แขวงทรายกองดินใต้,"16,811","8,236","8,575",15.823,"1,062","4,643",2020-11-18 0:00:00,2020-11-18 0:00:00
223,11,แขวงทรายกองดิน,"12,631","6,011","6,620",11.396,"1,108","4,952",2020-11-18 0:00:00,2020-11-18 0:00:00
224,10,เขตคลองสามวา,"198,019","93,614","104,405",110.686,"1,789","82,412",2020-11-18 0:00:00,2020-11-18 0:00:00
225,9,แขวงสมเด็จเจ้าพระยา,"13,027","6,124","6,903",1.317,"9,891","5,051",2020-11-18 0:00:00,2020-11-18 0:00:00
226,8,แขวงบางลำภูล่าง,"24,344","11,271","13,073",2.234,"10,897","13,299",2020-11-18 0:00:00,2020-11-18 0:00:00
227,7,แขวงคลองสาน,"16,048","7,669","8,379",0.727,"22,074","5,861",2020-11-18 0:00:00,2020-11-18 0:00:00
228,6,แขวงคลองต้นไทร,"18,752","8,542","10,210",1.773,"10,576","14,619",2020-11-18 0:00:00,2020-11-18 0:00:00
229,5,เขตคลองสาน,"72,171","33,606","38,565",6.051,"11,927","38,830",2020-11-18 0:00:00,2020-11-18 0:00:00
230,4,แขวงพระโขนง,"23,096","10,615","12,481",3.85,"5,999","24,434",2020-11-18 0:00:00,2020-11-18 0:00:00
231,3,แขวงคลองเตย,"67,346","32,686","34,660",7.249,"9,290","33,423",2020-11-18 0:00:00,2020-11-18 0:00:00
232,2,แขวงคลองตัน,"11,101","5,109","5,992",1.895,"5,858","14,323",2020-11-18 0:00:00,2020-11-18 0:00:00
233,1,เขตคลองเตย,"101,543","48,410","53,133",12.994,"7,815","72,180",2020-11-18 0:00:00,2020-11-18 0:00:00